,brands
0,RARE RABBIT
1,Powerlook
2,HIGHLANDER
3,HIGHLANDER
4,RARE RABBIT
5,Roadster
6,HIGHLANDER
7,Snitch
8,HIGHLANDER
9,Mast & Harbour
10,Powerlook
11,Roadster
12,The Indian Garage Co
13,Snitch
14,Kook N Keech
15,HIGHLANDER
16,Powerlook
17,Roadster
18,Roadster
19,Powerlook
20,HIGHLANDER
21,HERE&NOW
22,Dennis Lingo
23,Campus Sutra
24,Roadster
25,Snitch
26,Dennis Lingo
27,HIGHLANDER
28,Dennis Lingo
29,HIGHLANDER
30,HIGHLANDER
31,Powerlook
32,Mast & Harbour
33,Roadster
34,Snitch
35,HIGHLANDER
36,HIGHLANDER
37,Snitch
38,V-Mart
39,HIGHLANDER
40,Snitch
41,Roadster
42,HIGHLANDER
43,Powerlook
44,Roadster
45,Metronaut
46,Snitch
47,HERE&NOW
48,HIGHLANDER
49,Snitch
50,RARE RABBIT
51,Powerlook
52,HIGHLANDER
53,HIGHLANDER
54,RARE RABBIT
55,Roadster
56,HIGHLANDER
57,Snitch
58,HIGHLANDER
59,Mast & Harbour
60,Powerlook
61,Roadster
62,The Indian Garage Co
63,Snitch
64,Kook N Keech
65,HIGHLANDER
66,Powerlook
67,Roadster
68,Roadster
69,Powerlook
70,HIGHLANDER
71,HERE&NOW
72,Dennis Lingo
73,Campus Sutra
74,Roadster
75,Snitch
76,Dennis Lingo
77,HIGHLANDER
78,Dennis Lingo
79,HIGHLANDER
80,HIGHLANDER
81,Powerlook
82,Mast & Harbour
83,Roadster
84,Snitch
85,HIGHLANDER
86,HIGHLANDER
87,Snitch
88,V-Mart
89,HIGHLANDER
90,Snitch
91,Roadster
92,HIGHLANDER
93,Powerlook
94,Roadster
95,Metronaut
96,Snitch
97,HERE&NOW
98,HIGHLANDER
99,Snitch
100,Snitch
101,Roadster
102,The Indian Garage Co
103,Snitch
104,HIGHLANDER
105,Roadster
106,Snitch
107,Roadster
108,HIGHLANDER
109,Powerlook
110,HIGHLANDER
111,Roadster
112,Snitch
113,glitchez
114,HIGHLANDER
115,Snitch
116,Roadster
117,HIGHLANDER
118,Snitch
119,HIGHLANDER
120,Campus Sutra
121,Snitch
122,Roadster
123,HIGHLANDER
124,Nautica
125,HIGHLANDER
126,HIGHLANDER
127,Snitch
128,Roadster
129,HIGHLANDER
130,Snitch
131,HIGHLANDER
132,Metronaut
133,Pepe Jeans
134,Roadster
135,HIGHLANDER
136,Dennis Lingo
137,HIGHLANDER
138,Roadster
139,Snitch
140,Mast & Harbour
141,Campus Sutra
142,Snitch
143,Mast & Harbour
144,R.Code by The Roadster Life Co.
145,Snitch
146,HIGHLANDER
147,Roadster
148,Snitch
149,HIGHLANDER
150,HERE&NOW
151,Snitch
152,Metronaut
153,Roadster
154,Powerlook
155,HIGHLANDER
156,The Indian Garage Co
157,Snitch
158,HIGHLANDER
159,Roadster
160,Snitch
161,Roadster
162,Roadster
163,Snitch
164,Roadster
165,Roadster
166,Snitch
167,The Indian Garage Co
168,HERE&NOW
169,VASTRADO
170,KETCH
171,Roadster
172,Snitch
173,HIGHLANDER
174,LOCOMOTIVE
175,U.S. Polo Assn. Denim Co.
176,Roadster
177,HIGHLANDER
178,Dennis Lingo
179,V-Mart
180,HIGHLANDER
181,Snitch
182,The Indian Garage Co
183,Campus Sutra
184,Snitch
185,Roadster
186,HERE&NOW
187,Snitch
188,HIGHLANDER
189,The Indian Garage Co
190,Snitch
191,Roadster
192,The Indian Garage Co
193,Snitch
194,Metronaut
195,HIGHLANDER
196,RARE RABBIT
197,Campus Sutra
198,Mast & Harbour
199,Snitch
200,HIGHLANDER
201,HIGHLANDER
202,Roadster
203,Dennis Lingo
204,Roadster
205,Campus Sutra
206,Roadster
207,HIGHLANDER
208,Roadster
209,Campus Sutra
210,Roadster
211,The Indian Garage Co
212,Roadster
213,HIGHLANDER
214,HIGHLANDER
215,HERE&NOW
216,FUBAR
217,Campus Sutra
218,Roadster
219,Roadster
220,Hardsoda by The Indian Garage Co
221,HIGHLANDER
222,The Indian Garage Co
223,The Indian Garage Co
224,Roadster
225,HIGHLANDER
226,glitchez
227,HIGHLANDER
228,The Indian Garage Co
229,The Indian Garage Co
230,HIGHLANDER
231,HIGHLANDER
232,FUBAR
233,Roadster
234,HERE&NOW
235,Roadster
236,HIGHLANDER
237,HERE&NOW
238,HIGHLANDER
239,HIGHLANDER
240,Roadster
241,Roadster
242,Campus Sutra
243,HERE&NOW
244,HIGHLANDER
245,HIGHLANDER
246,Roadster
247,HIGHLANDER
248,Harvard
249,HIGHLANDER
250,iCome
251,Roadster
252,HIGHLANDER
253,HERE&NOW
254,HIGHLANDER
255,HIGHLANDER
256,Roadster
257,Roadster
258,Campus Sutra
259,HERE&NOW
260,HIGHLANDER
261,HIGHLANDER
262,Roadster
263,HIGHLANDER
264,Harvard
265,HIGHLANDER
266,Roadster
267,Snitch
268,HIGHLANDER
269,Roadster
270,HIGHLANDER
271,HIGHLANDER
272,HIGHLANDER
273,HIGHLANDER
274,iCome
275,HIGHLANDER
276,HIGHLANDER
277,Roadster
278,The Indian Garage Co
279,Mast & Harbour
280,HERE&NOW
281,R.Code by The Roadster Life Co.
282,HIGHLANDER
283,HIGHLANDER
284,HERE&NOW
285,HIGHLANDER
286,iCome
287,HIGHLANDER
288,The Indian Garage Co
289,HIGHLANDER
290,Roadster
291,HIGHLANDER
292,HERE&NOW
293,Dennis Lingo
294,V-Mart
295,Thomas Scott
296,Roadster
297,Kook N Keech
298,HERE&NOW
299,Campus Sutra
300,HIGHLANDER
301,HIGHLANDER
302,Roadster
303,iCome
304,HIGHLANDER
305,Harvard
306,HIGHLANDER
307,iCome
308,Roadster
309,Snitch
310,iCome
311,iCome
312,HIGHLANDER
313,Roadster
314,HIGHLANDER
315,iCome
316,HIGHLANDER
317,HIGHLANDER
318,HIGHLANDER
319,iCome
320,HIGHLANDER
321,iCome
322,HIGHLANDER
323,Roadster
324,The Indian Garage Co
325,iCome
326,Mast & Harbour
327,iCome
328,HERE&NOW
329,R.Code by The Roadster Life Co.
330,HIGHLANDER
331,iCome
332,HIGHLANDER
333,HERE&NOW
334,HIGHLANDER
335,iCome
336,iCome
337,HIGHLANDER
338,iCome
339,iCome
340,The Indian Garage Co
341,HIGHLANDER
342,iCome
343,Roadster
344,HIGHLANDER
345,iCome
346,HERE&NOW
347,iCome
348,Dennis Lingo
349,V-Mart
350,iCome
351,Thomas Scott
352,Roadster
353,Kook N Keech
354,HERE&NOW
355,Campus Sutra
356,Harvard
357,iCome
358,iCome
359,V-Mart
360,Moda Rapido
361,Roadster
362,Roadster
363,KETCH
364,Hardsoda by The Indian Garage Co
365,iCome
366,iCome
367,HIGHLANDER
368,HIGHLANDER
369,V-Mart
370,FUBAR
371,iCome
372,KETCH
373,glitchez
374,Roadster
375,iCome
376,HIGHLANDER
377,Campus Sutra
378,Roadster
379,iCome
380,iCome
381,HIGHLANDER
382,iCome
383,HERE&NOW
384,Mast & Harbour
385,HIGHLANDER
386,V-Mart
387,Mast & Harbour
388,R.Code by The Roadster Life Co.
389,HIGHLANDER
390,HIGHLANDER
391,iCome
392,Roadster
393,HIGHLANDER
394,HIGHLANDER
395,iCome
396,Roadster
397,iCome
398,HIGHLANDER
399,The Indian Garage Co
